{"cameraMode":{"drawMode":0,"name":"Shaded","section":"Shading Mode"},"sceneLighting":true,"audioPlay":true,"sceneViewState":{"m_AlwaysRefresh":false,"showFog":true,"showSkybox":true,"showFlares":true,"showImageEffects":true,"showParticleSystems":true,"showVisualEffectGraphs":true,"m_FxEnabled":false},"in2DMode":false,"pivot":{"x":12.935358047485352,"y":37.948333740234378,"z":-32.315582275390628},"rotation":{"x":-0.34220385551452639,"y":0.15044961869716645,"z":-0.05563288554549217,"w":-0.9259551167488098},"size":1.5757737159729005,"orthographic":true}